Main Subject,Environment/Background,Mood,"Color Scheme",Details,Time
A young student,A cozy classroom,Cheerful,"Pastel tones","Books on desk, sunlight through windows",Morning
A child reading,A magical library,Whimsical,"Soft warm tones","Glowing book pages, floating letters",Noon
A group of students,A futuristic high-tech lab,Focused,"Neon blue & purple","Holographic screens, AI assistant",Afternoon
A high school student,A rainy city café,Nostalgic,"Cool blues & grays","Raindrops on window, open notebook",Night
A university scholar,A grand historical library,Thoughtful,"Rich warm browns","Ancient books, candle-lit ambiance",Afternoon
A science fair winner,A school science exhibition,Excited,"Bright vibrant hues","Colorful experiment boards, trophies",Morning
A student artist,An open-air art class,Creative,"Earthy & natural","Canvas, brushes, splashes of paint",Morning
A coding student,A dark room with a laptop,Determined,"High contrast, neon","Computer screen glow, coffee cup",Night
A music student,A grand concert hall,Passionate,"Warm golden lights","Violin, grand piano, musical notes",Evening
A student athlete,A track & field stadium,Energetic,"Bright reds & yellows","Motion blur, sweat droplets",Morning
A group of young students,A colorful elementary classroom,Cheerful,"Bright primary colors","Chalkboard, alphabet posters, small desks",Morning
Children playing,A school playground,Playful,"Vibrant greens & blues","Swings, slides, kids laughing",Afternoon
Kids doing science experiments,A fun school science lab,Curious,"Soft pastels","Beakers, bubbling liquids, excited faces",Morning
A teacher reading to kids,A cozy reading corner,Warm & engaging,"Soft warm tones","Bean bags, picture books, attentive kids",Afternoon
Children painting,An outdoor art class,Creative,"Earthy tones","Paintbrushes, easels, colorful canvases",Morning
A group of kids in a music class,A bright music room,Joyful,"Warm yellows & reds","Xylophones, tambourines, singing children",Daybreak
Kids playing with building blocks,A kindergarten playroom,Fun & engaging,"Bright blues & reds","Lego blocks, toy cars, scattered pieces",Sunrise
Students watching a puppet show,A small school theater,Magical,"Rich, deep colors","Puppets, stage curtains, kids clapping",Midnight
Two students discussing homework,A quiet school library,Focused,"Muted warm tones","Textbooks, notes, pens",Midday
A teacher and student talking,A teacher’s office,Encouraging,"Neutral beige & brown","Desk, books, friendly expression",Dusk
Two friends sharing a book,A sunny schoolyard bench,Relaxed,"Warm yellows & greens","Open book, laughing students",Dawn
A student helping another with math,A cozy classroom,Supportive,"Soft blues & whites","Notebook, pencil, explaining expressions",Early morning