Main Subject,Environment/Background,Mood,"Color Scheme",Details
A young student,A cozy classroom,Cheerful,"Pastel tones","Books on desk, sunlight through windows"
A child reading,A magical library,Whimsical,"Soft warm tones","Glowing book pages, floating letters"
A group of students,A futuristic high-tech lab,Focused,"Neon blue & purple","Holographic screens, AI assistant"
A high school student,A rainy city café,Nostalgic,"Cool blues & grays","Raindrops on window, open notebook"
A university scholar,A grand historical library,Thoughtful,"Rich warm browns","Ancient books, candle-lit ambiance"
A science fair winner,A school science exhibition,Excited,"Bright vibrant hues","Colorful experiment boards, trophies"
A student artist,An open-air art class,Creative,"Earthy & natural","Canvas, brushes, splashes of paint"
A coding student,A dark room with a laptop,Determined,"High contrast, neon","Computer screen glow, coffee cup"
A music student,A grand concert hall,Passionate,"Warm golden lights","Violin, grand piano, musical notes"
A student athlete,A track & field stadium,Energetic,"Bright reds & yellows","Motion blur, sweat droplets"
A group of young students,A colorful elementary classroom,Cheerful,"Bright primary colors","Chalkboard, alphabet posters, small desks"
Children playing,A school playground,Playful,"Vibrant greens & blues","Swings, slides, kids laughing"
Kids doing science experiments,A fun school science lab,Curious,"Soft pastels","Beakers, bubbling liquids, excited faces"
A teacher reading to kids,A cozy reading corner,Warm & engaging,"Soft warm tones","Bean bags, picture books, attentive kids"
Children painting,An outdoor art class,Creative,"Earthy tones","Paintbrushes, easels, colorful canvases"
A group of kids in a music class,A bright music room,Joyful,"Warm yellows & reds","Xylophones, tambourines, singing children"
Kids playing with building blocks,A kindergarten playroom,Fun & engaging,"Bright blues & reds","Lego blocks, toy cars, scattered pieces"
Students watching a puppet show,A small school theater,Magical,"Rich, deep colors","Puppets, stage curtains, kids clapping"
Two students discussing homework,A quiet school library,Focused,"Muted warm tones","Textbooks, notes, pens"
A teacher and student talking,A teacher’s office,Encouraging,"Neutral beige & brown","Desk, books, friendly expression"
Two friends sharing a book,A sunny schoolyard bench,Relaxed,"Warm yellows & greens","Open book, laughing students"
A student helping another with math,A cozy classroom,Supportive,"Soft blues & whites","Notebook, pencil, explaining expressions"